patient_id,custom_id,examination_date,label,powod
57586,57586-2021-W8,2021-02-28,0,rekord KOR pacjenta obecnego także w NEURO
98713,98713-2020-W26,2020-06-28,0,rekord KOR pacjenta obecnego także w NEURO
98713,98713-2020-W31,2020-08-02,0,rekord KOR pacjenta obecnego także w NEURO
98713,98713-2020-W32,2020-08-09,0,rekord KOR pacjenta obecnego także w NEURO
102186,102186-2020-W34,2020-08-23,0,rekord KOR pacjenta obecnego także w NEURO
102186,102186-2021-W25,2021-06-27,0,rekord KOR pacjenta obecnego także w NEURO
161778,161778-2020-W6,2020-02-09,0,rekord KOR pacjenta obecnego także w NEURO
183519,183519-2020-W46,2020-11-15,0,rekord KOR pacjenta obecnego także w NEURO
183519,183519-2020-W47,2020-11-22,0,rekord KOR pacjenta obecnego także w NEURO
183519,183519-2021-W1,2021-01-10,0,rekord KOR pacjenta obecnego także w NEURO
183519,183519-2021-W2,2021-01-17,0,rekord KOR pacjenta obecnego także w NEURO
183519,183519-2021-W8,2021-02-28,0,rekord KOR pacjenta obecnego także w NEURO
183519,183519-2021-W9,2021-03-07,0,rekord KOR pacjenta obecnego także w NEURO
195284,195284-2020-W49,2020-12-06,0,rekord KOR pacjenta obecnego także w NEURO
195284,195284-2020-W50,2020-12-13,0,rekord KOR pacjenta obecnego także w NEURO
223481,223481-2021-W3,2021-01-24,0,rekord KOR pacjenta obecnego także w NEURO
237595,237595-2021-W3,2021-01-24,0,rekord KOR pacjenta obecnego także w NEURO
287589,287589-2021-W8,2021-02-28,0,rekord KOR pacjenta obecnego także w NEURO
534745,534745-2020-W13,2020-03-29,0,rekord KOR pacjenta obecnego także w NEURO
534745,534745-2020-W14,2020-04-05,0,rekord KOR pacjenta obecnego także w NEURO
534745,534745-2021-W11,2021-03-21,0,rekord KOR pacjenta obecnego także w NEURO
641186,641186-2020-W46,2020-11-15,0,rekord KOR pacjenta obecnego także w NEURO
653930,653930-2020-W41,2020-10-11,0,rekord KOR pacjenta obecnego także w NEURO
660797,660797-2021-W40,2021-10-10,0,rekord KOR pacjenta obecnego także w NEURO
660797,660797-2021-W41,2021-10-17,0,rekord KOR pacjenta obecnego także w NEURO
691211,691211-2021-W22,2021-06-06,0,rekord KOR pacjenta obecnego także w NEURO
795227,795227-2020-W15,2020-04-12,0,rekord KOR pacjenta obecnego także w NEURO
795227,795227-2020-W16,2020-04-19,0,rekord KOR pacjenta obecnego także w NEURO
795227,795227-2020-W45,2020-11-08,0,rekord KOR pacjenta obecnego także w NEURO
853418,853418-2021-W35,2021-09-05,0,rekord KOR pacjenta obecnego także w NEURO
889119,889119-2020-W1,2020-01-05,0,rekord KOR pacjenta obecnego także w NEURO
889119,889119-2021-W9,2021-03-07,0,rekord KOR pacjenta obecnego także w NEURO
889119,889119-2021-W10,2021-03-14,0,rekord KOR pacjenta obecnego także w NEURO
916768,916768-2021-W53,2021-01-03,0,rekord KOR pacjenta obecnego także w NEURO
916768,916768-2021-W1,2021-01-10,0,rekord KOR pacjenta obecnego także w NEURO
916768,916768-2021-W2,2021-01-17,0,rekord KOR pacjenta obecnego także w NEURO
916768,916768-2021-W3,2021-01-24,0,rekord KOR pacjenta obecnego także w NEURO
916768,916768-2021-W25,2021-06-27,0,rekord KOR pacjenta obecnego także w NEURO
1011628,1011628-2020-W49,2020-12-06,0,rekord KOR pacjenta obecnego także w NEURO
1015808,1015808-2020-W9,2020-03-01,0,rekord KOR pacjenta obecnego także w NEURO
1015808,1015808-2021-W10,2021-03-14,0,rekord KOR pacjenta obecnego także w NEURO
1021915,1021915-2020-W35,2020-08-30,0,rekord KOR pacjenta obecnego także w NEURO
1107027,1107027-2020-W16,2020-04-19,0,rekord KOR pacjenta obecnego także w NEURO
1214643,1214643-2021-W4,2021-01-31,0,rekord KOR pacjenta obecnego także w NEURO
1214643,1214643-2021-W5,2021-02-07,0,rekord KOR pacjenta obecnego także w NEURO
1214643,1214643-2021-W32,2021-08-15,0,rekord KOR pacjenta obecnego także w NEURO
1277993,1277993-2020-W16,2020-04-19,0,rekord KOR pacjenta obecnego także w NEURO
1316891,1316891-2021-W14,2021-04-11,0,rekord KOR pacjenta obecnego także w NEURO
1316891,1316891-2021-W18,2021-05-09,0,rekord KOR pacjenta obecnego także w NEURO
1316891,1316891-2021-W19,2021-05-16,0,rekord KOR pacjenta obecnego także w NEURO
1316891,1316891-2021-W20,2021-05-23,0,rekord KOR pacjenta obecnego także w NEURO
1316891,1316891-2021-W39,2021-10-03,0,rekord KOR pacjenta obecnego także w NEURO
1316891,1316891-2021-W40,2021-10-10,0,rekord KOR pacjenta obecnego także w NEURO
1316891,1316891-2021-W41,2021-10-17,0,rekord KOR pacjenta obecnego także w NEURO
1330195,1330195-2020-W40,2020-10-04,0,rekord KOR pacjenta obecnego także w NEURO
1347834,1347834-2021-W28,2021-07-18,0,rekord KOR pacjenta obecnego także w NEURO
1347834,1347834-2021-W29,2021-07-25,0,rekord KOR pacjenta obecnego także w NEURO
1347834,1347834-2021-W36,2021-09-12,0,rekord KOR pacjenta obecnego także w NEURO
1387625,1387625-2021-W31,2021-08-08,0,rekord KOR pacjenta obecnego także w NEURO
1418962,1418962-2020-W29,2020-07-19,0,rekord KOR pacjenta obecnego także w NEURO
1418962,1418962-2020-W30,2020-07-26,0,rekord KOR pacjenta obecnego także w NEURO
1418962,1418962-2020-W31,2020-08-02,0,rekord KOR pacjenta obecnego także w NEURO
1418962,1418962-2020-W32,2020-08-09,0,rekord KOR pacjenta obecnego także w NEURO
1418962,1418962-2020-W33,2020-08-16,0,rekord KOR pacjenta obecnego także w NEURO
1418962,1418962-2020-W34,2020-08-23,0,rekord KOR pacjenta obecnego także w NEURO
1418962,1418962-2021-W14,2021-04-11,0,rekord KOR pacjenta obecnego także w NEURO
1418962,1418962-2021-W16,2021-04-25,0,rekord KOR pacjenta obecnego także w NEURO
1418962,1418962-2021-W30,2021-08-01,0,rekord KOR pacjenta obecnego także w NEURO
1418962,1418962-2021-W31,2021-08-08,0,rekord KOR pacjenta obecnego także w NEURO
1418962,1418962-2021-W32,2021-08-15,0,rekord KOR pacjenta obecnego także w NEURO
1450378,1450378-2020-W5,2020-02-02,0,rekord KOR pacjenta obecnego także w NEURO
1450378,1450378-2020-W30,2020-07-26,0,rekord KOR pacjenta obecnego także w NEURO
1450378,1450378-2021-W6,2021-02-14,0,rekord KOR pacjenta obecnego także w NEURO
1450378,1450378-2021-W16,2021-04-25,0,rekord KOR pacjenta obecnego także w NEURO
1450378,1450378-2021-W30,2021-08-01,0,rekord KOR pacjenta obecnego także w NEURO
1450378,1450378-2021-W39,2021-10-03,0,rekord KOR pacjenta obecnego także w NEURO
1450378,1450378-2021-W40,2021-10-10,0,rekord KOR pacjenta obecnego także w NEURO
1461599,1461599-2021-W32,2021-08-15,0,rekord KOR pacjenta obecnego także w NEURO
1483949,1483949-2021-W5,2021-02-07,0,rekord KOR pacjenta obecnego także w NEURO
1495861,1495861-2021-W48,2021-12-05,0,rekord KOR pacjenta obecnego także w NEURO
1558680,1558680-2020-W36,2020-09-06,0,rekord KOR pacjenta obecnego także w NEURO
1578534,1578534-2020-W34,2020-08-23,0,rekord KOR pacjenta obecnego także w NEURO
1585191,1585191-2021-W15,2021-04-18,0,rekord KOR pacjenta obecnego także w NEURO
1635858,1635858-2020-W26,2020-06-28,0,rekord KOR pacjenta obecnego także w NEURO
1635858,1635858-2020-W39,2020-09-27,0,rekord KOR pacjenta obecnego także w NEURO
1635858,1635858-2020-W41,2020-10-11,0,rekord KOR pacjenta obecnego także w NEURO
1635858,1635858-2020-W42,2020-10-18,0,rekord KOR pacjenta obecnego także w NEURO
1635858,1635858-2020-W43,2020-10-25,0,rekord KOR pacjenta obecnego także w NEURO
1635858,1635858-2021-W27,2021-07-11,0,rekord KOR pacjenta obecnego także w NEURO
1635858,1635858-2021-W28,2021-07-18,0,rekord KOR pacjenta obecnego także w NEURO
1635858,1635858-2021-W29,2021-07-25,0,rekord KOR pacjenta obecnego także w NEURO
1635858,1635858-2021-W31,2021-08-08,0,rekord KOR pacjenta obecnego także w NEURO
1635858,1635858-2021-W33,2021-08-22,0,rekord KOR pacjenta obecnego także w NEURO
1635858,1635858-2021-W34,2021-08-29,0,rekord KOR pacjenta obecnego także w NEURO
1648338,1648338-2021-W35,2021-09-05,0,rekord KOR pacjenta obecnego także w NEURO
1648338,1648338-2021-W36,2021-09-12,0,rekord KOR pacjenta obecnego także w NEURO
1772706,1772706-2020-W8,2020-02-23,0,rekord KOR pacjenta obecnego także w NEURO
1772706,1772706-2020-W9,2020-03-01,0,rekord KOR pacjenta obecnego także w NEURO
1772706,1772706-2020-W10,2020-03-08,0,rekord KOR pacjenta obecnego także w NEURO
1772706,1772706-2020-W21,2020-05-24,0,rekord KOR pacjenta obecnego także w NEURO
1808420,1808420-2020-W9,2020-03-01,0,rekord KOR pacjenta obecnego także w NEURO
1808420,1808420-2020-W10,2020-03-08,0,rekord KOR pacjenta obecnego także w NEURO
1841730,1841730-2020-W6,2020-02-09,0,rekord KOR pacjenta obecnego także w NEURO
1913500,1913500-2021-W8,2021-02-28,0,rekord KOR pacjenta obecnego także w NEURO
1935259,1935259-2021-W8,2021-02-28,0,rekord KOR pacjenta obecnego także w NEURO
1962687,1962687-2021-W12,2021-03-28,0,rekord KOR pacjenta obecnego także w NEURO
1962687,1962687-2021-W13,2021-04-04,0,rekord KOR pacjenta obecnego także w NEURO
1962687,1962687-2021-W14,2021-04-11,0,rekord KOR pacjenta obecnego także w NEURO
1971620,1971620-2021-W46,2021-11-21,0,rekord KOR pacjenta obecnego także w NEURO
1988724,1988724-2021-W43,2021-10-31,0,rekord KOR pacjenta obecnego także w NEURO
1988724,1988724-2021-W44,2021-11-07,0,rekord KOR pacjenta obecnego także w NEURO
1988724,1988724-2021-W45,2021-11-14,0,rekord KOR pacjenta obecnego także w NEURO
1988724,1988724-2021-W49,2021-12-12,0,rekord KOR pacjenta obecnego także w NEURO
1988724,1988724-2021-W50,2021-12-19,0,rekord KOR pacjenta obecnego także w NEURO
2058093,2058093-2020-W16,2020-04-19,0,rekord KOR pacjenta obecnego także w NEURO
2058093,2058093-2020-W17,2020-04-26,0,rekord KOR pacjenta obecnego także w NEURO
2112102,2112102-2020-W38,2020-09-20,0,rekord KOR pacjenta obecnego także w NEURO
2115096,2115096-2020-W14,2020-04-05,0,rekord KOR pacjenta obecnego także w NEURO
2115430,2115430-2020-W14,2020-04-05,0,rekord KOR pacjenta obecnego także w NEURO
2115430,2115430-2020-W15,2020-04-12,0,rekord KOR pacjenta obecnego także w NEURO
2115430,2115430-2020-W35,2020-08-30,0,rekord KOR pacjenta obecnego także w NEURO
2118461,2118461-2020-W19,2020-05-10,0,rekord KOR pacjenta obecnego także w NEURO
2118618,2118618-2020-W19,2020-05-10,0,rekord KOR pacjenta obecnego także w NEURO
2118618,2118618-2020-W23,2020-06-07,0,rekord KOR pacjenta obecnego także w NEURO
2122606,2122606-2020-W25,2020-06-21,0,rekord KOR pacjenta obecnego także w NEURO
2122606,2122606-2020-W26,2020-06-28,0,rekord KOR pacjenta obecnego także w NEURO
2123262,2123262-2020-W24,2020-06-14,0,rekord KOR pacjenta obecnego także w NEURO
2123262,2123262-2020-W25,2020-06-21,0,rekord KOR pacjenta obecnego także w NEURO
2123262,2123262-2020-W26,2020-06-28,0,rekord KOR pacjenta obecnego także w NEURO
2123262,2123262-2021-W34,2021-08-29,0,rekord KOR pacjenta obecnego także w NEURO
2123262,2123262-2021-W35,2021-09-05,0,rekord KOR pacjenta obecnego także w NEURO
2123262,2123262-2021-W36,2021-09-12,0,rekord KOR pacjenta obecnego także w NEURO
2123262,2123262-2021-W37,2021-09-19,0,rekord KOR pacjenta obecnego także w NEURO
2123262,2123262-2021-W38,2021-09-26,0,rekord KOR pacjenta obecnego także w NEURO
2124586,2124586-2020-W25,2020-06-21,0,rekord KOR pacjenta obecnego także w NEURO
2124586,2124586-2020-W26,2020-06-28,0,rekord KOR pacjenta obecnego także w NEURO
2150402,2150402-2021-W2,2021-01-17,0,rekord KOR pacjenta obecnego także w NEURO
2162273,2162273-2021-W53,2021-01-03,0,rekord KOR pacjenta obecnego także w NEURO
2165118,2165118-2021-W3,2021-01-24,0,rekord KOR pacjenta obecnego także w NEURO
2183492,2183492-2021-W14,2021-04-11,0,rekord KOR pacjenta obecnego także w NEURO
2209714,2209714-2021-W30,2021-08-01,0,rekord KOR pacjenta obecnego także w NEURO
2209714,2209714-2021-W37,2021-09-19,0,rekord KOR pacjenta obecnego także w NEURO
2210047,2210047-2021-W30,2021-08-01,0,rekord KOR pacjenta obecnego także w NEURO
2219853,2219853-2021-W51,2021-12-26,0,rekord KOR pacjenta obecnego także w NEURO
2233433,2233433-2021-W43,2021-10-31,0,rekord KOR pacjenta obecnego także w NEURO
